{
  "figure": "required vs observed void history (Paper 2 Sec. IV A)",
  "source_artifact": "probes_out/R2_final.json",
  "source_verdict": "SHAPE-UNAVAILABLE",
  "reads_superseded_R2json": false,
  "outputs": {
    "pdf": "fig_fv_required_vs_observed.pdf",
    "png": "fig_fv_required_vs_observed.png"
  },
  "z_nodes": [
    0.0,
    0.3,
    0.7,
    1.3,
    2.33
  ],
  "plotted": {
    "required_LA": [
      0.64013,
      0.53112,
      0.39578,
      0.27945,
      0.19359
    ],
    "required_LA_band_lo": [
      0.6382035628678454,
      0.5207412856123229,
      0.3843953251142039,
      0.23139148068100684,
      0.14819674287808113
    ],
    "required_LA_band_hi": [
      0.6412762899274248,
      0.5334329084919353,
      0.4068078899669497,
      0.3182208616544595,
      0.2314134334741064
    ],
    "required_LB": [
      0.58786,
      0.49709,
      0.38473,
      0.2503,
      0.12145
    ],
    "required_V0": [
      0.38292,
      0.25043,
      0.12798,
      0.07152,
      0.01699
    ],
    "observed_below_mean": [
      0.643279949444014,
      0.6229320569236853,
      0.6009407462040413,
      0.577925237079892,
      0.5550878767923513
    ],
    "observed_z0_below_mean_band": [
      0.6142592614519756,
      0.6723006374360525
    ],
    "measured_nodes_z_le_0p7": [
      0.0,
      0.3,
      0.7
    ],
    "extrapolated_nodes_z_gt_0p7": [
      1.3,
      2.33
    ],
    "floor": 0.5
  },
  "headline": {
    "required_total_decline_x": 3.3066,
    "observed_total_decline_x": 1.1589
  },
  "equality_checks_vs_artifact": {
    "LA_matches_lapse_reading_bands": true,
    "LB_matches_lapse_reading_bands": true,
    "V0_matches_lapse_reading_bands": true,
    "obs_z07_matches_part2": true,
    "obs_z0_matches_part1_central": true,
    "req_decline_matches": true,
    "obs_decline_matches": true
  }
}