{
 "note": "Profile Delta chi2 curves behind fig_ampsplit.png. Delta chi2 is each dataset relative to its own 1D minimum over the panel's parameter.",
 "tracker": {
  "fv0_grid": [
   0.55,
   0.5566101694915254,
   0.5632203389830509,
   0.5698305084745763,
   0.5764406779661018,
   0.5830508474576271,
   0.5896610169491525,
   0.596271186440678,
   0.6028813559322034,
   0.6094915254237289,
   0.6161016949152542,
   0.6227118644067797,
   0.6293220338983051,
   0.6359322033898305,
   0.642542372881356,
   0.6491525423728813,
   0.6557627118644068,
   0.6623728813559322,
   0.6689830508474577,
   0.6755932203389831,
   0.6822033898305084,
   0.6888135593220339,
   0.6954237288135593,
   0.7020338983050848,
   0.7086440677966102,
   0.7152542372881356,
   0.721864406779661,
   0.7284745762711864,
   0.7350847457627119,
   0.7416949152542373,
   0.7483050847457627,
   0.7549152542372881,
   0.7615254237288136,
   0.768135593220339,
   0.7747457627118643,
   0.7813559322033898,
   0.7879661016949152,
   0.7945762711864406,
   0.8011864406779661,
   0.8077966101694916,
   0.8144067796610169,
   0.8210169491525423,
   0.8276271186440678,
   0.8342372881355932,
   0.8408474576271185,
   0.847457627118644,
   0.8540677966101695,
   0.8606779661016949,
   0.8672881355932203,
   0.8738983050847458,
   0.8805084745762711,
   0.8871186440677965,
   0.893728813559322,
   0.9003389830508475,
   0.9069491525423728,
   0.9135593220338982,
   0.9201694915254237,
   0.9267796610169491,
   0.9333898305084745,
   0.94
  ],
  "chi2_SN": [
   1492.433205679059,
   1486.9370949789882,
   1481.6244512051344,
   1476.494443014264,
   1471.546054713428,
   1466.7780394032598,
   1462.1889325603843,
   1457.7770558223128,
   1453.5405328944325,
   1449.4772928357124,
   1445.5850839316845,
   1441.861424766481,
   1438.3038238808513,
   1434.9094916060567,
   1431.6755426973104,
   1428.5989607423544,
   1425.676596544683,
   1422.905190333724,
   1420.2813788577914,
   1417.8017034754157,
   1415.4625771790743,
   1413.260449834168,
   1411.1915976330638,
   1409.2522655427456,
   1407.4386664181948,
   1405.7469470873475,
   1404.1732433959842,
   1402.713654704392,
   1401.3642687350512,
   1400.1211336404085,
   1398.980377778411,
   1397.938055485487,
   1396.9902727976441,
   1396.1331333220005,
   1395.3627876117826,
   1394.6754083633423,
   1394.0672107040882,
   1393.5344393104315,
   1393.0734324157238,
   1392.6805433779955,
   1392.3521964550018,
   1392.0848818197846,
   1391.8751630187035,
   1391.7196732610464,
   1391.6151268482208,
   1391.5583044737577,
   1391.5461025685072,
   1391.5754746198654,
   1391.6434788182378,
   1391.74725972116,
   1391.884057097137,
   1392.0512065961957,
   1392.2461431473494,
   1392.4663988947868,
   1392.7096078917384,
   1392.9734969735146,
   1393.2558973580599,
   1393.5547413378954,
   1393.8680568560958,
   1394.193977035582
  ],
  "chi2_BC": [
   604.3820864288136,
   534.5585888861679,
   468.53205144265667,
   406.5764172580093,
   348.97662937128916,
   296.0290729473345,
   248.04211239982396,
   205.3366193738766,
   168.24656197661534,
   137.1196294669062,
   112.31790554476902,
   94.21859964728355,
   83.21483177319169,
   79.71649515675381,
   84.15116731915623,
   96.96513703698292,
   118.62450762325898,
   149.61638785200194,
   190.45023900456727,
   241.6593096391298,
   303.8022305332124,
   377.46479190373793,
   463.26185386488214,
   561.8395208218135,
   673.8774825213477,
   800.0916508780792,
   941.2370823947713,
   1098.111194354482,
   1271.5573962735943,
   1462.46910727676,
   1671.794218653813,
   1900.5402128389105,
   2149.779775264673,
   2420.6572280726396,
   2714.3957440224476,
   3032.3056468050927,
   3375.7937433128245,
   3746.3741728221066,
   4145.680847215466,
   4575.481902843807,
   5037.696598732844,
   5534.4151365486905,
   6067.922160174698,
   6640.724744645879,
   7255.586020372808,
   7915.565845423844,
   8624.070536294952,
   9384.913930511568,
   10202.393359249923,
   11081.384957248345,
   12027.464256576262,
   13047.060985239688,
   14147.65986172203,
   15338.064721082337,
   16628.751703420654,
   18032.349446659442,
   19564.305582121015,
   21243.832879224326,
   23095.289557701908,
   25150.257739330176
  ],
  "fv0_SN": 0.8526421236875386,
  "fv0_BAOCMB": 0.6356091025309288,
  "sigma": 6.546095542531019
 },
 "free": {
  "A_grid": [
   0.48,
   0.4857627118644068,
   0.4915254237288135,
   0.4972881355932203,
   0.5030508474576271,
   0.5088135593220339,
   0.5145762711864407,
   0.5203389830508475,
   0.5261016949152542,
   0.531864406779661,
   0.5376271186440678,
   0.5433898305084746,
   0.5491525423728814,
   0.5549152542372882,
   0.5606779661016948,
   0.5664406779661016,
   0.5722033898305084,
   0.5779661016949152,
   0.583728813559322,
   0.5894915254237287,
   0.5952542372881355,
   0.6010169491525423,
   0.6067796610169491,
   0.6125423728813559,
   0.6183050847457627,
   0.6240677966101694,
   0.6298305084745762,
   0.635593220338983,
   0.6413559322033898,
   0.6471186440677965,
   0.6528813559322033,
   0.6586440677966101,
   0.6644067796610169,
   0.6701694915254237,
   0.6759322033898305,
   0.6816949152542373,
   0.687457627118644,
   0.6932203389830508,
   0.6989830508474576,
   0.7047457627118644,
   0.7105084745762711,
   0.7162711864406779,
   0.7220338983050847,
   0.7277966101694915,
   0.7335593220338983,
   0.7393220338983051,
   0.7450847457627119,
   0.7508474576271186,
   0.7566101694915254,
   0.7623728813559322,
   0.7681355932203389,
   0.7738983050847457,
   0.7796610169491525,
   0.7854237288135593,
   0.7911864406779661,
   0.7969491525423729,
   0.8027118644067797,
   0.8084745762711865,
   0.8142372881355932,
   0.82
  ],
  "chi2_SN": [
   1622.7463802620769,
   1611.9743553996086,
   1601.1288417950273,
   1590.2210223004222,
   1579.2633848041296,
   1568.269996277988,
   1557.256664223969,
   1546.2411276325583,
   1535.2432959228754,
   1524.2854916229844,
   1513.3927495852113,
   1502.5931443348527,
   1491.9180980846286,
   1481.4030144289136,
   1471.0874718725681,
   1461.0159416049719,
   1451.238376520574,
   1441.8109238520265,
   1432.7967339903116,
   1424.266872316599,
   1416.3015454858541,
   1408.9911368340254,
   1402.4377891868353,
   1396.7570452988148,
   1392.079802468419,
   1388.5545848757029,
   1386.3501957505941,
   1385.6588952988386,
   1386.6999937146902,
   1389.7242627292871,
   1395.0190691649914,
   1402.9145952686667,
   1413.7909310385585,
   1428.0871847346425,
   1446.3119176700711,
   1469.056249782443,
   1497.0088409632444,
   1530.975908473134,
   1571.9046112075448,
   1620.9113039001822,
   1679.3192533254623,
   1748.7040528804064,
   1830.949538037181,
   1928.3244022130966,
   2043.5728415995836,
   2180.0410255640745,
   2341.832534454763,
   2534.0261427238584,
   2762.9541089236736,
   3036.5898302718997,
   3365.0829241499305,
   3761.4932039901614,
   4242.852808110416,
   4831.702089399099,
   5558.35983376205,
   6464.416606076062,
   7608.17869503051,
   9073.563089556992,
   10985.176742121577,
   13535.183753460646
  ],